[{"pk": 2, "model": "account.mygraph", "fields": {"profile": 2, "url": "http://localhost:8088/render/?width=948&height=437&_salt=1391954766.124&from=-10minutes&hideLegend=false&target=aliasByNode(derivative(scale(stats.gauges.ib.sw*.*.perf.rcv_data%2C-1))%2C3%2C4%2C6)&target=aliasByNode(derivative(stats.gauges.ib.sw*.*.perf.xmit_data)%2C3%2C4%2C6)&target=color(alias(drawAsInfinite(events(%22event-65%22))%2C%22Unlink%22)%2C%22red%22)&target=color(alias(drawAsInfinite(events(%22event-64%22))%2C%22Relink%22)%2C%22green%22)", "name": "qnib_sw"}}, {"pk": 3, "model": "account.mygraph", "fields": {"profile": 2, "url": "http://localhost:8088/render/?width=949&height=518&_salt=1389002554.09&from=-15minutes&target=aliasByNode(movingAverage(carbon.agents.vagrant-fedora-19_vagrantup_com-c0.%7BmetricsReceived%2CcommittedPoints%7D%2C5)%2C3)&target=aliasByNode(secondYAxis(movingAverage(carbon.agents.vagrant-fedora-19_vagrantup_com-c0.cpuUsage%2C5))%2C3)", "name": "carbon"}}, {"pk": "qnib", "model": "dashboard.dashboard", "fields": {"state": "{\"name\": \"qnib\", \"defaultGraphParams\": {\"width\": \"1100\", \"from\": \"-2hours\", \"until\": \"now\", \"height\": \"275\"}, \"refreshConfig\": {\"interval\": 60000, \"enabled\": false}, \"graphs\": [[\"target=aliasByNode(derivative(scale(stats.gauges.ib.sw*.*.perf.rcv_data%2C-1))%2C3%2C4%2C6)&target=aliasByNode(derivative(stats.gauges.ib.sw*.*.perf.xmit_data)%2C3%2C4%2C6)\", {\"width\": \"949\", \"from\": \"-5minutes\", \"target\": [\"aliasByNode(derivative(scale(stats.gauges.ib.sw*.*.perf.rcv_data,-1)),3,4,6)\", \"aliasByNode(derivative(stats.gauges.ib.sw*.*.perf.xmit_data),3,4,6)\"], \"_salt\": \"1389002602.409\", \"height\": \"518\"}, \"/render?from=-5minutes&until=now&width=1100&height=275&_salt=1389002602.409&target=aliasByNode(derivative(scale(stats.gauges.ib.sw*.*.perf.rcv_data%2C-1))%2C3%2C4%2C6)&target=aliasByNode(derivative(stats.gauges.ib.sw*.*.perf.xmit_data)%2C3%2C4%2C6)&_uniq=0.3607961889356375\"], [\"target=aliasByNode(movingAverage(carbon.agents.vagrant-fedora-19_vagrantup_com-c0.%7BmetricsReceived%2CcommittedPoints%7D%2C5)%2C3)&target=aliasByNode(secondYAxis(movingAverage(carbon.agents.vagrant-fedora-19_vagrantup_com-c0.cpuUsage%2C5))%2C3)\", {\"width\": \"949\", \"from\": \"-15minutes\", \"target\": [\"aliasByNode(movingAverage(carbon.agents.vagrant-fedora-19_vagrantup_com-c0.{metricsReceived,committedPoints},5),3)\", \"aliasByNode(secondYAxis(movingAverage(carbon.agents.vagrant-fedora-19_vagrantup_com-c0.cpuUsage,5)),3)\"], \"_salt\": \"1389002554.09\", \"height\": \"518\"}, \"/render?from=-15minutes&until=now&width=1100&height=275&_salt=1389002554.09&target=aliasByNode(movingAverage(carbon.agents.vagrant-fedora-19_vagrantup_com-c0.%7BmetricsReceived%2CcommittedPoints%7D%2C5)%2C3)&target=aliasByNode(secondYAxis(movingAverage(carbon.agents.vagrant-fedora-19_vagrantup_com-c0.cpuUsage%2C5))%2C3)&_uniq=0.5534495273604989\"]], \"timeConfig\": {\"startDate\": \"2014-02-02T19:32:05\", \"endTime\": \"5:00 PM\", \"endDate\": \"2014-02-02T19:32:05\", \"relativeStartQuantity\": \"2\", \"relativeUntilQuantity\": \"\", \"startTime\": \"9:00 AM\", \"relativeStartUnits\": \"hours\", \"type\": \"relative\", \"relativeUntilUnits\": \"now\"}, \"graphSize\": {\"width\": \"1100\", \"height\": \"275\"}}", "owners": []}}, {"pk": "temporary-0", "model": "dashboard.dashboard", "fields": {"state": "{\"name\": \"temporary-0\", \"defaultGraphParams\": {\"width\": \"1100\", \"from\": \"-2hours\", \"until\": \"now\", \"height\": \"250\"}, \"refreshConfig\": {\"interval\": 60000, \"enabled\": false}, \"graphs\": [[\"target=aliasByNode(derivative(scale(stats.gauges.ib.sw*.*.perf.rcv_data%2C-1))%2C3%2C4%2C6)&target=aliasByNode(derivative(stats.gauges.ib.sw*.*.perf.xmit_data)%2C3%2C4%2C6)\", {\"width\": \"949\", \"from\": \"-5minutes\", \"target\": [\"aliasByNode(derivative(scale(stats.gauges.ib.sw*.*.perf.rcv_data,-1)),3,4,6)\", \"aliasByNode(derivative(stats.gauges.ib.sw*.*.perf.xmit_data),3,4,6)\"], \"_salt\": \"1389002602.409\", \"height\": \"518\"}, \"/render?from=-5minutes&until=now&width=400&height=250&_salt=1389002602.409&target=aliasByNode(derivative(scale(stats.gauges.ib.sw*.*.perf.rcv_data%2C-1))%2C3%2C4%2C6)&target=aliasByNode(derivative(stats.gauges.ib.sw*.*.perf.xmit_data)%2C3%2C4%2C6)&_uniq=0.7997451676055789\"]], \"timeConfig\": {\"startDate\": \"2014-02-02T19:13:22\", \"endTime\": \"5:00 PM\", \"endDate\": \"2014-02-02T19:13:22\", \"relativeStartQuantity\": \"2\", \"relativeUntilQuantity\": \"\", \"startTime\": \"9:00 AM\", \"relativeStartUnits\": \"hours\", \"type\": \"relative\", \"relativeUntilUnits\": \"now\"}, \"graphSize\": {\"width\": 400, \"height\": 250}}", "owners": []}}, {"pk": "temporary-1", "model": "dashboard.dashboard", "fields": {"state": "{\"name\": \"temporary-1\", \"defaultGraphParams\": {\"width\": \"1100\", \"from\": \"-2hours\", \"until\": \"now\", \"height\": \"250\"}, \"refreshConfig\": {\"interval\": 60000, \"enabled\": false}, \"graphs\": [[\"target=aliasByNode(derivative(scale(stats.gauges.ib.sw*.*.perf.rcv_data%2C-1))%2C3%2C4%2C6)&target=aliasByNode(derivative(stats.gauges.ib.sw*.*.perf.xmit_data)%2C3%2C4%2C6)\", {\"width\": \"949\", \"from\": \"-5minutes\", \"target\": [\"aliasByNode(derivative(scale(stats.gauges.ib.sw*.*.perf.rcv_data,-1)),3,4,6)\", \"aliasByNode(derivative(stats.gauges.ib.sw*.*.perf.xmit_data),3,4,6)\"], \"_salt\": \"1389002602.409\", \"height\": \"518\"}, \"/render?from=-5minutes&until=now&width=400&height=250&_salt=1389002602.409&target=aliasByNode(derivative(scale(stats.gauges.ib.sw*.*.perf.rcv_data%2C-1))%2C3%2C4%2C6)&target=aliasByNode(derivative(stats.gauges.ib.sw*.*.perf.xmit_data)%2C3%2C4%2C6)&_uniq=0.7119238921441138\"]], \"timeConfig\": {\"startDate\": \"2014-02-02T19:32:05\", \"endTime\": \"5:00 PM\", \"endDate\": \"2014-02-02T19:32:05\", \"relativeStartQuantity\": \"2\", \"relativeUntilQuantity\": \"\", \"startTime\": \"9:00 AM\", \"relativeStartUnits\": \"hours\", \"type\": \"relative\", \"relativeUntilUnits\": \"now\"}, \"graphSize\": {\"width\": 400, \"height\": 250}}", "owners": []}}, {"pk": 1, "model": "events.event", "fields": {"data": "Generic trap type 1; event 128; from LID 0x1\n", "what": "Generic Trap", "when": "2014-02-09T15:00:15.970", "tags": "LID-1, event-128"}}, {"pk": 2, "model": "events.event", "fields": {"data": "Generic trap type 3; event 65; from LID 0x2\n", "what": "Generic Trap", "when": "2014-02-09T15:00:16.133", "tags": "LID-2, event-65"}}, {"pk": 3, "model": "events.event", "fields": {"data": "Generic trap type 1; event 128; from LID 0x1\n", "what": "Generic Trap", "when": "2014-02-09T15:01:48.740", "tags": "LID-1, event-128"}}, {"pk": 4, "model": "events.event", "fields": {"data": "Generic trap type 3; event 64; from LID 0x2\n", "what": "Generic Trap", "when": "2014-02-09T15:01:48.951", "tags": "LID-2, event-64"}}, {"pk": 5, "model": "events.event", "fields": {"data": "Generic trap type 1; event 128; from LID 0x1\n", "what": "Generic Trap", "when": "2014-02-09T15:05:22.987", "tags": "LID-1, event-128"}}, {"pk": 6, "model": "events.event", "fields": {"data": "Generic trap type 3; event 65; from LID 0x2\n", "what": "Generic Trap", "when": "2014-02-09T15:05:23.098", "tags": "LID-2, event-65"}}, {"pk": 7, "model": "events.event", "fields": {"data": "Generic trap type 1; event 128; from LID 0x1\n", "what": "Generic Trap", "when": "2014-02-09T15:05:59.674", "tags": "LID-1, event-128"}}, {"pk": 8, "model": "events.event", "fields": {"data": "Generic trap type 3; event 64; from LID 0x2\n", "what": "Generic Trap", "when": "2014-02-09T15:05:59.851", "tags": "LID-2, event-64"}}, {"pk": "05ilivdqumv7jpw9unyt3y691rluhbao", "model": "sessions.session", "fields": {"expire_date": "2014-01-20T10:44:53.811", "session_data": "Y2RlYjNmZmMwYmM4MjQxMDk1NzEwOTViN2NmZTZlZTMxOTBhMGE2YzqAAn1xAShVEl9hdXRoX3VzZXJfYmFja2VuZHECVSlkamFuZ28uY29udHJpYi5hdXRoLmJhY2tlbmRzLk1vZGVsQmFja2VuZHEDVQ1fYXV0aF91c2VyX2lkcQRLAXUu"}}, {"pk": "b083gtdw0ii7o2nrdrnqhqwd3k5xwveo", "model": "sessions.session", "fields": {"expire_date": "2014-02-20T20:53:10.977", "session_data": "Y2RlYjNmZmMwYmM4MjQxMDk1NzEwOTViN2NmZTZlZTMxOTBhMGE2YzqAAn1xAShVEl9hdXRoX3VzZXJfYmFja2VuZHECVSlkamFuZ28uY29udHJpYi5hdXRoLmJhY2tlbmRzLk1vZGVsQmFja2VuZHEDVQ1fYXV0aF91c2VyX2lkcQRLAXUu"}}, {"pk": "y8l58e80so6fohgujbmjl3dercuecapw", "model": "sessions.session", "fields": {"expire_date": "2014-02-16T19:31:55.535", "session_data": "Y2RlYjNmZmMwYmM4MjQxMDk1NzEwOTViN2NmZTZlZTMxOTBhMGE2YzqAAn1xAShVEl9hdXRoX3VzZXJfYmFja2VuZHECVSlkamFuZ28uY29udHJpYi5hdXRoLmJhY2tlbmRzLk1vZGVsQmFja2VuZHEDVQ1fYXV0aF91c2VyX2lkcQRLAXUu"}}, {"pk": 1, "model": "contenttypes.contenttype", "fields": {"model": "profile", "name": "profile", "app_label": "account"}}, {"pk": 2, "model": "contenttypes.contenttype", "fields": {"model": "variable", "name": "variable", "app_label": "account"}}, {"pk": 3, "model": "contenttypes.contenttype", "fields": {"model": "view", "name": "view", "app_label": "account"}}, {"pk": 4, "model": "contenttypes.contenttype", "fields": {"model": "window", "name": "window", "app_label": "account"}}, {"pk": 5, "model": "contenttypes.contenttype", "fields": {"model": "mygraph", "name": "my graph", "app_label": "account"}}, {"pk": 6, "model": "contenttypes.contenttype", "fields": {"model": "dashboard", "name": "dashboard", "app_label": "dashboard"}}, {"pk": 7, "model": "contenttypes.contenttype", "fields": {"model": "event", "name": "event", "app_label": "events"}}, {"pk": 8, "model": "contenttypes.contenttype", "fields": {"model": "permission", "name": "permission", "app_label": "auth"}}, {"pk": 9, "model": "contenttypes.contenttype", "fields": {"model": "group", "name": "group", "app_label": "auth"}}, {"pk": 10, "model": "contenttypes.contenttype", "fields": {"model": "user", "name": "user", "app_label": "auth"}}, {"pk": 11, "model": "contenttypes.contenttype", "fields": {"model": "session", "name": "session", "app_label": "sessions"}}, {"pk": 12, "model": "contenttypes.contenttype", "fields": {"model": "logentry", "name": "log entry", "app_label": "admin"}}, {"pk": 13, "model": "contenttypes.contenttype", "fields": {"model": "contenttype", "name": "content type", "app_label": "contenttypes"}}, {"pk": 14, "model": "contenttypes.contenttype", "fields": {"model": "tag", "name": "tag", "app_label": "tagging"}}, {"pk": 15, "model": "contenttypes.contenttype", "fields": {"model": "taggeditem", "name": "tagged item", "app_label": "tagging"}}, {"pk": 1, "model": "tagging.tag", "fields": {"name": "2"}}, {"pk": 2, "model": "tagging.tag", "fields": {"name": "event 65"}}, {"pk": 3, "model": "tagging.tag", "fields": {"name": "LID-1"}}, {"pk": 4, "model": "tagging.tag", "fields": {"name": "event-128"}}, {"pk": 5, "model": "tagging.tag", "fields": {"name": "LID-2"}}, {"pk": 6, "model": "tagging.tag", "fields": {"name": "event-65"}}, {"pk": 7, "model": "tagging.tag", "fields": {"name": "event-64"}}, {"pk": 11, "model": "tagging.taggeditem", "fields": {"tag": 3, "object_id": 1, "content_type": 7}}, {"pk": 12, "model": "tagging.taggeditem", "fields": {"tag": 4, "object_id": 1, "content_type": 7}}, {"pk": 13, "model": "tagging.taggeditem", "fields": {"tag": 5, "object_id": 2, "content_type": 7}}, {"pk": 14, "model": "tagging.taggeditem", "fields": {"tag": 6, "object_id": 2, "content_type": 7}}, {"pk": 15, "model": "tagging.taggeditem", "fields": {"tag": 3, "object_id": 3, "content_type": 7}}, {"pk": 16, "model": "tagging.taggeditem", "fields": {"tag": 4, "object_id": 3, "content_type": 7}}, {"pk": 17, "model": "tagging.taggeditem", "fields": {"tag": 5, "object_id": 4, "content_type": 7}}, {"pk": 18, "model": "tagging.taggeditem", "fields": {"tag": 7, "object_id": 4, "content_type": 7}}, {"pk": 19, "model": "tagging.taggeditem", "fields": {"tag": 3, "object_id": 5, "content_type": 7}}, {"pk": 20, "model": "tagging.taggeditem", "fields": {"tag": 4, "object_id": 5, "content_type": 7}}, {"pk": 21, "model": "tagging.taggeditem", "fields": {"tag": 5, "object_id": 6, "content_type": 7}}, {"pk": 22, "model": "tagging.taggeditem", "fields": {"tag": 6, "object_id": 6, "content_type": 7}}, {"pk": 23, "model": "tagging.taggeditem", "fields": {"tag": 3, "object_id": 7, "content_type": 7}}, {"pk": 24, "model": "tagging.taggeditem", "fields": {"tag": 4, "object_id": 7, "content_type": 7}}, {"pk": 25, "model": "tagging.taggeditem", "fields": {"tag": 5, "object_id": 8, "content_type": 7}}, {"pk": 26, "model": "tagging.taggeditem", "fields": {"tag": 7, "object_id": 8, "content_type": 7}}, {"pk": 1, "model": "auth.permission", "fields": {"codename": "add_profile", "name": "Can add profile", "content_type": 1}}, {"pk": 2, "model": "auth.permission", "fields": {"codename": "change_profile", "name": "Can change profile", "content_type": 1}}, {"pk": 3, "model": "auth.permission", "fields": {"codename": "delete_profile", "name": "Can delete profile", "content_type": 1}}, {"pk": 4, "model": "auth.permission", "fields": {"codename": "add_variable", "name": "Can add variable", "content_type": 2}}, {"pk": 5, "model": "auth.permission", "fields": {"codename": "change_variable", "name": "Can change variable", "content_type": 2}}, {"pk": 6, "model": "auth.permission", "fields": {"codename": "delete_variable", "name": "Can delete variable", "content_type": 2}}, {"pk": 7, "model": "auth.permission", "fields": {"codename": "add_view", "name": "Can add view", "content_type": 3}}, {"pk": 8, "model": "auth.permission", "fields": {"codename": "change_view", "name": "Can change view", "content_type": 3}}, {"pk": 9, "model": "auth.permission", "fields": {"codename": "delete_view", "name": "Can delete view", "content_type": 3}}, {"pk": 10, "model": "auth.permission", "fields": {"codename": "add_window", "name": "Can add window", "content_type": 4}}, {"pk": 11, "model": "auth.permission", "fields": {"codename": "change_window", "name": "Can change window", "content_type": 4}}, {"pk": 12, "model": "auth.permission", "fields": {"codename": "delete_window", "name": "Can delete window", "content_type": 4}}, {"pk": 13, "model": "auth.permission", "fields": {"codename": "add_mygraph", "name": "Can add my graph", "content_type": 5}}, {"pk": 14, "model": "auth.permission", "fields": {"codename": "change_mygraph", "name": "Can change my graph", "content_type": 5}}, {"pk": 15, "model": "auth.permission", "fields": {"codename": "delete_mygraph", "name": "Can delete my graph", "content_type": 5}}, {"pk": 16, "model": "auth.permission", "fields": {"codename": "add_dashboard", "name": "Can add dashboard", "content_type": 6}}, {"pk": 17, "model": "auth.permission", "fields": {"codename": "change_dashboard", "name": "Can change dashboard", "content_type": 6}}, {"pk": 18, "model": "auth.permission", "fields": {"codename": "delete_dashboard", "name": "Can delete dashboard", "content_type": 6}}, {"pk": 19, "model": "auth.permission", "fields": {"codename": "add_event", "name": "Can add event", "content_type": 7}}, {"pk": 20, "model": "auth.permission", "fields": {"codename": "change_event", "name": "Can change event", "content_type": 7}}, {"pk": 21, "model": "auth.permission", "fields": {"codename": "delete_event", "name": "Can delete event", "content_type": 7}}, {"pk": 22, "model": "auth.permission", "fields": {"codename": "add_permission", "name": "Can add permission", "content_type": 8}}, {"pk": 23, "model": "auth.permission", "fields": {"codename": "change_permission", "name": "Can change permission", "content_type": 8}}, {"pk": 24, "model": "auth.permission", "fields": {"codename": "delete_permission", "name": "Can delete permission", "content_type": 8}}, {"pk": 25, "model": "auth.permission", "fields": {"codename": "add_group", "name": "Can add group", "content_type": 9}}, {"pk": 26, "model": "auth.permission", "fields": {"codename": "change_group", "name": "Can change group", "content_type": 9}}, {"pk": 27, "model": "auth.permission", "fields": {"codename": "delete_group", "name": "Can delete group", "content_type": 9}}, {"pk": 28, "model": "auth.permission", "fields": {"codename": "add_user", "name": "Can add user", "content_type": 10}}, {"pk": 29, "model": "auth.permission", "fields": {"codename": "change_user", "name": "Can change user", "content_type": 10}}, {"pk": 30, "model": "auth.permission", "fields": {"codename": "delete_user", "name": "Can delete user", "content_type": 10}}, {"pk": 31, "model": "auth.permission", "fields": {"codename": "add_session", "name": "Can add session", "content_type": 11}}, {"pk": 32, "model": "auth.permission", "fields": {"codename": "change_session", "name": "Can change session", "content_type": 11}}, {"pk": 33, "model": "auth.permission", "fields": {"codename": "delete_session", "name": "Can delete session", "content_type": 11}}, {"pk": 34, "model": "auth.permission", "fields": {"codename": "add_logentry", "name": "Can add log entry", "content_type": 12}}, {"pk": 35, "model": "auth.permission", "fields": {"codename": "change_logentry", "name": "Can change log entry", "content_type": 12}}, {"pk": 36, "model": "auth.permission", "fields": {"codename": "delete_logentry", "name": "Can delete log entry", "content_type": 12}}, {"pk": 37, "model": "auth.permission", "fields": {"codename": "add_contenttype", "name": "Can add content type", "content_type": 13}}, {"pk": 38, "model": "auth.permission", "fields": {"codename": "change_contenttype", "name": "Can change content type", "content_type": 13}}, {"pk": 39, "model": "auth.permission", "fields": {"codename": "delete_contenttype", "name": "Can delete content type", "content_type": 13}}, {"pk": 40, "model": "auth.permission", "fields": {"codename": "add_tag", "name": "Can add tag", "content_type": 14}}, {"pk": 41, "model": "auth.permission", "fields": {"codename": "change_tag", "name": "Can change tag", "content_type": 14}}, {"pk": 42, "model": "auth.permission", "fields": {"codename": "delete_tag", "name": "Can delete tag", "content_type": 14}}, {"pk": 43, "model": "auth.permission", "fields": {"codename": "add_taggeditem", "name": "Can add tagged item", "content_type": 15}}, {"pk": 44, "model": "auth.permission", "fields": {"codename": "change_taggeditem", "name": "Can change tagged item", "content_type": 15}}, {"pk": 45, "model": "auth.permission", "fields": {"codename": "delete_taggeditem", "name": "Can delete tagged item", "content_type": 15}}, {"pk": 1, "model": "auth.user", "fields": {"username": "root", "first_name": "", "last_name": "", "is_active": true, "is_superuser": true, "is_staff": true, "last_login": "2014-02-02T19:31:55.511", "groups": [], "user_permissions": [], "password": "pbkdf2_sha256$10000$R9y1MuDyg8B3$mlzsgIbuatQIplTSSl9SMuvf0iRwyYO59hwUzoCWLJ4=", "email": "root@root.root", "date_joined": "2014-01-01T10:20:52.884"}}, {"pk": 2, "model": "auth.user", "fields": {"username": "default", "first_name": "", "last_name": "", "is_active": true, "is_superuser": false, "is_staff": false, "last_login": "2014-01-04T17:00:20.834", "groups": [], "user_permissions": [], "password": "pbkdf2_sha256$10000$KyAMcziKODUK$ib4L1UECudlW3seuNwgMXQjmRvgjCKgTK+2Ht5ptCH8=", "email": "default@localhost.localdomain", "date_joined": "2014-01-04T17:00:20.834"}}, {"pk": 1, "model": "admin.logentry", "fields": {"action_flag": 3, "action_time": "2014-02-09T14:58:49.766", "object_repr": "2014-02-09 14:57:52.911874: Generic Trap", "object_id": "5", "change_message": "", "user": 1, "content_type": 7}}, {"pk": 2, "model": "admin.logentry", "fields": {"action_flag": 3, "action_time": "2014-02-09T14:58:49.820", "object_repr": "2014-02-09 14:57:52.731568: Generic Trap", "object_id": "4", "change_message": "", "user": 1, "content_type": 7}}, {"pk": 3, "model": "admin.logentry", "fields": {"action_flag": 3, "action_time": "2014-02-09T14:58:49.838", "object_repr": "2014-02-09 14:54:26.273884: Generic Trap", "object_id": "3", "change_message": "", "user": 1, "content_type": 7}}, {"pk": 4, "model": "admin.logentry", "fields": {"action_flag": 3, "action_time": "2014-02-09T14:58:49.847", "object_repr": "2014-02-09 14:54:26.072745: Generic Trap", "object_id": "2", "change_message": "", "user": 1, "content_type": 7}}, {"pk": 5, "model": "admin.logentry", "fields": {"action_flag": 3, "action_time": "2014-02-09T14:58:49.856", "object_repr": "2014-02-09 14:53:08.008648: Generic Trap", "object_id": "1", "change_message": "", "user": 1, "content_type": 7}}, {"pk": 1, "model": "account.profile", "fields": {"user": 2, "advancedUI": false, "history": ""}}, {"pk": 2, "model": "account.profile", "fields": {"user": 1, "advancedUI": false, "history": ""}}]